{"cameraMode":{"drawMode":0,"name":"Shaded","section":"Shading Mode"},"sceneLighting":true,"audioPlay":false,"sceneViewState":{"m_AlwaysRefresh":false,"showFog":true,"showSkybox":true,"showFlares":true,"showImageEffects":true,"showParticleSystems":true,"showVisualEffectGraphs":true,"m_FxEnabled":true},"in2DMode":false,"pivot":{"x":540.5241088867188,"y":168.94541931152345,"z":10.252517700195313},"rotation":{"x":0.04197878763079643,"y":-0.02488093636929989,"z":-0.000848415307700634,"w":-0.9988790154457092},"size":211.10317993164063,"orthographic":true}